id,class_a,class_b,class_c,class_d,class_e,class_f
1,Action,Crime,Thriller,,,
2,Animation,Adventure,Comedy,,,
3,Horror,Mystery,Thriller,,,
4,Comedy,Fantasy,Romance,,,
5,Action,Adventure,Sci-Fi,,,
6,Comedy,Romance,,,,
7,Comedy,,,,,
8,Drama,,,,,
9,Drama,Sci-Fi,Thriller,,,
10,Drama,,,,,
11,Adventure,Drama,Thriller,,,
12,,,,,,
13,Action,Crime,Thriller,,,
14,Comedy,Drama,Romance,,,
15,Drama,,,,,
16,,,,,,
17,Action,Adventure,Drama,Sci-Fi,Thriller,
18,Crime,Drama,,,,
19,Drama,Horror,Sci-Fi,,,
20,Action,Adventure,Comedy,,,
21,Drama,,,,,
22,Crime,Drama,,,,
23,Action,Comedy,Thriller,,,
24,Comedy,Drama,,,,
25,Comedy,Drama,Romance,,,
26,Drama,Musical,,,,
27,Mystery,Thriller,,,,
28,Animation,Adventure,Drama,Fantasy,Sci-Fi,
29,Crime,Drama,Mystery,Thriller,,
30,Action,Crime,Drama,,,
31,Crime,Drama,,,,
32,Drama,Horror,Sci-Fi,,,
33,Animation,Crime,Drama,,,
34,Comedy,,,,,
35,Action,,,,,
36,Thriller,Crime,Drama,,,
37,Action,Adventure,Sci-Fi,Thriller,,
38,,,,,,
39,Comedy,Drama,,,,
40,Comedy,Fantasy,Horror,Family,,
41,Romance,Sci-Fi,Thriller,,,
42,Adventure,Comedy,Romance,Sci-Fi,,
43,Drama,,,,,
44,Comedy,,,,,
45,Drama,Horror,Thriller,,,
46,Drama,Mystery,,,,
47,Action,Adventure,Drama,Thriller,,
48,Comedy,Romance,,,,
49,,,,,,
50,Animation,Family,Musical,Fantasy,Comedy,
51,Drama,,,,,
52,Action,Horror,Sci-Fi,Thriller,,
53,Action,Drama,Horror,Sci-Fi,Thriller,
54,Crime,Drama,Sci-Fi,,,
55,Action,Horror,Sci-Fi,Thriller,,
56,,,,,,
57,Action,Horror,Sci-Fi,Thriller,,
58,Drama,,,,,
59,Comedy,,,,,
60,Drama,,,,,
61,Drama,Thriller,,,,
62,Comedy,Drama,Romance,,,
63,Action,Horror,Thriller,,,
64,Drama,,,,,
65,Drama,,,,,
66,Drama,,,,,
67,Crime,Drama,,,,
68,Comedy,Drama,,,,
69,Crime,Drama,Thriller,,,
70,Crime,Drama,,,,
71,Drama,,,,,
72,Comedy,,,,,
73,Action,Comedy,Western,,,
74,Comedy,,,,,
75,Comedy,Drama,Romance,,,
76,Drama,Horror,Thriller,,,
77,,,,,,
78,Action,Drama,,,,
79,Comedy,Drama,,,,
80,Comedy,Horror,Romance,,,
81,Crime,Drama,Thriller,,,
82,Horror,,,,,
83,Drama,Romance,,,,
84,Drama,,,,,
85,Comedy,Crime,,,,
86,Comedy,Crime,,,,
87,Family,Animation,Musical,,,
88,Drama,Romance,,,,
89,,,,,,
90,Drama,,,,,
91,Comedy,Romance,,,,
92,Drama,,,,,
93,Drama,Thriller,,,,
94,Thriller,Crime,Drama,,,
95,Adventure,Animation,Comedy,Fantasy,,
96,Comedy,,,,,
97,Action,Drama,War,,,
98,Drama,Adventure,,,,
99,Comedy,Horror,Mystery,,,
100,Drama,Thriller,,,,
101,Drama,Thriller,,,,
102,Sci-Fi,,,,,
103,Action,Thriller,,,,
104,Drama,Thriller,,,,
105,Action,Sci-Fi,Thriller,,,
106,Adventure,Fantasy,Action,Comedy,Horror,
107,Comedy,Crime,,,,
108,Comedy,,,,,
109,Romance,Comedy,Drama,,,
110,Comedy,Drama,Romance,,,
111,Action,Thriller,,,,
112,Thriller,,,,,
113,Drama,,,,,
114,,,,,,
115,Action,Comedy,,,,
116,Action,Comedy,,,,
117,Comedy,,,,,
118,Romance,Drama,,,,
119,Action,Adventure,Sci-Fi,,,
120,Action,Adventure,,,,
121,Action,Adventure,Sci-Fi,,,
122,Drama,Mystery,Thriller,,,
123,Drama,,,,,
124,Drama,Thriller,,,,
125,Comedy,,,,,
126,Drama,,,,,
127,Action,Comedy,Family,Sci-Fi,,
128,,,,,,
129,Comedy,Romance,,,,
130,Action,Drama,Mystery,Thriller,,
131,Action,Comedy,,,,
132,Action,Crime,Drama,,,
133,Drama,Thriller,Western,,,
134,Horror,Thriller,,,,
135,Crime,Drama,,,,
136,Comedy,Crime,,,,
137,Comedy,,,,,
138,Crime,Thriller,Drama,,,
139,Comedy,Drama,,,,
140,Drama,Romance,War,,,
141,Comedy,Drama,Thriller,,,
142,Drama,Mystery,Thriller,,,
143,Crime,Mystery,Thriller,,,
144,Drama,,,,,
145,Action,Crime,Fantasy,Thriller,,
146,Action,Crime,Fantasy,Thriller,,
147,Drama,War,,,,
148,Drama,Romance,Comedy,,,
149,,,,,,
150,Drama,Adventure,Thriller,,,
151,Comedy,,,,,
152,Drama,War,,,,
153,Drama,Fantasy,,,,
154,Family,Fantasy,Musical,,,
155,Animation,Comedy,,,,
156,Comedy,Drama,Romance,,,
157,Comedy,Drama,Fantasy,,,
158,Comedy,Fantasy,,,,
159,Comedy,Drama,,,,
160,Drama,,,,,
161,Drama,Romance,,,,
162,Drama,,,,,
163,,,,,,
164,Comedy,Drama,,,,
165,Comedy,Family,Fantasy,,,
166,Drama,Romance,,,,
167,Crime,Drama,,,,
168,Drama,Fantasy,Comedy,Adventure,,
169,Comedy,Mystery,Thriller,,,
170,Comedy,Drama,Romance,,,
171,Comedy,Crime,Drama,,,
172,Comedy,Drama,Romance,,,
173,Drama,Horror,Thriller,Romance,,
174,Comedy,Drama,Romance,Crime,,
175,Crime,Drama,Mystery,Thriller,,
176,Action,Adventure,Sci-Fi,,,
177,Action,Crime,Drama,,,
178,Drama,,,,,
179,Drama,Mystery,Thriller,,,
180,Crime,Drama,,,,
181,Action,Horror,Sci-Fi,,,
182,Action,Horror,Thriller,,,
183,Action,Drama,Sci-Fi,,,
184,,,,,,
185,Comedy,Drama,Romance,,,
186,Drama,,,,,
187,Crime,Drama,,,,
188,Thriller,Crime,Drama,,,
189,Drama,Thriller,,,,
190,Crime,Drama,,,,
191,Drama,Romance,,,,
192,Crime,Drama,Mystery,Thriller,,
193,Comedy,Crime,,,,
194,,,,,,
195,Crime,Thriller,,,,
196,Romance,Thriller,,,,
197,Drama,Romance,Thriller,,,
198,Horror,,,,,
199,Comedy,Drama,,,,
200,Crime,Drama,Romance,,,
201,Drama,,,,,
202,Action,Adventure,Drama,Sci-Fi,Thriller,Western
203,,,,,,
204,Crime,Drama,Thriller,,,
205,Comedy,Crime,,,,
206,Crime,Drama,Thriller,,,
207,Action,Comedy,Crime,Romance,,
208,Action,Thriller,Mystery,Drama,Adventure,
209,Adventure,Mystery,Thriller,Action,Drama,
210,Action,Adventure,Mystery,Thriller,,
211,Drama,Mystery,Sci-Fi,,,
212,Animation,Adventure,Comedy,,,
213,Drama,,,,,
214,Drama,War,Action,,,
215,Comedy,Fantasy,Sci-Fi,,,
216,Drama,,,,,
217,Action,Thriller,,,,
218,Comedy,Drama,,,,
219,Comedy,Drama,,,,
220,Drama,Mystery,,,,
221,Comedy,,,,,
222,Drama,,,,,
223,Comedy,Drama,Romance,,,
224,Action,Adventure,Thriller,,,
225,Drama,Romance,Thriller,,,
226,Adventure,Comedy,Crime,Drama,Romance,
227,Comedy,Fantasy,Romance,,,
228,Action,Comedy,Horror,,,
229,Comedy,Drama,Romance,,,
230,Drama,Mystery,Thriller,,,
231,Drama,Musical,Romance,,,
232,Comedy,Crime,,,,
233,Comedy,Drama,Romance,,,
234,Drama,Thriller,Fantasy,,,
235,Comedy,Drama,Thriller,,,
236,Drama,,,,,
237,Crime,Drama,,,,
238,Horror,Thriller,,,,
239,Animation,Action,Adventure,,,
240,Horror,Mystery,Thriller,,,
241,Crime,,,,,
242,Adventure,Drama,,,,
243,Crime,Drama,,,,
244,Action,Crime,,,,
245,Comedy,Crime,Thriller,,,
246,Comedy,,,,,
247,,,,,,
248,Horror,Sci-Fi,Thriller,,,
249,Action,Crime,Drama,Mystery,Thriller,
250,Comedy,,,,,
251,Crime,Drama,Mystery,,,
252,Action,Crime,Drama,Thriller,,
253,Comedy,Mystery,Romance,Thriller,,
254,Action,Comedy,,,,
255,Comedy,Romance,,,,
256,Horror,Thriller,,,,
257,Horror,Thriller,Comedy,Mystery,,
258,Crime,Mystery,Thriller,,,
259,Comedy,Fantasy,,,,
260,Drama,Sci-Fi,Thriller,,,
261,,,,,,
262,Drama,Romance,,,,
263,Drama,,,,,
264,Drama,Romance,,,,
265,,,,,,
266,Drama,Mystery,,,,
267,Drama,,,,,
268,Action,Adventure,Drama,Fantasy,,
269,Comedy,Drama,,,,
270,Action,Adventure,Thriller,,,
271,Drama,Sci-Fi,,,,
272,Comedy,Romance,,,,
273,Drama,,,,,
274,Animation,Adventure,Comedy,,,
275,Action,Drama,,,,
276,Drama,War,Romance,,,
277,Action,Crime,Thriller,,,
278,Action,Thriller,,,,
279,Action,Crime,Drama,,,
280,Mystery,Romance,Thriller,,,
281,Action,Thriller,,,,
282,Action,Adventure,Fantasy,,,
283,Crime,Drama,,,,
284,Crime,Drama,,,,
285,Action,Thriller,Fantasy,Drama,Horror,
286,Drama,Romance,Comedy,,,
287,Crime,Horror,Mystery,Thriller,,
288,Animation,Adventure,Family,Fantasy,,
289,Drama,Thriller,War,,,
290,Action,Drama,Mystery,War,,
291,,,,,,
292,Action,Comedy,Crime,Drama,Thriller,
293,Action,Crime,Drama,Thriller,,
294,Drama,Thriller,Romance,,,
295,Comedy,Drama,Romance,,,
296,Drama,Romance,,,,
297,Drama,,,,,
298,Crime,Comedy,,,,
299,Animation,Adventure,Comedy,,,
300,Action,Adventure,Drama,Fantasy,Romance,
301,Crime,Drama,,,,
302,Action,Drama,Crime,Horror,Thriller,
303,Action,Drama,Horror,Fantasy,Romance,Thriller
304,,,,,,
305,Drama,Romance,,,,
306,Action,Drama,Romance,,,
307,Thriller,Sci-Fi,Horror,Mystery,,
308,Drama,Fantasy,Mystery,Romance,,
309,Comedy,,,,,
310,Drama,,,,,
311,Drama,,,,,
312,Adventure,Drama,Western,,,
313,Drama,Romance,,,,
314,Mystery,Sci-Fi,Thriller,,,
315,Action,Crime,Thriller,,,
316,Comedy,Sci-Fi,Thriller,,,
317,Action,Crime,Sci-Fi,Thriller,,
318,Comedy,Crime,Romance,,,
319,Comedy,,,,,
320,Action,Horror,Drama,,,
321,Horror,Drama,Sci-Fi,Thriller,,
322,Drama,,,,,
323,Drama,Sci-Fi,Thriller,,,
324,Drama,,,,,
325,Drama,,,,,
326,Action,Adventure,Comedy,,,
327,Comedy,Drama,,,,
328,Comedy,,,,,
329,Comedy,Crime,,,,
330,Action,Drama,Thriller,,,
331,Crime,Drama,Mystery,Romance,Thriller,
332,Action,Crime,Thriller,,,
333,Action,Horror,Thriller,,,
334,Drama,War,,,,
335,Action,Drama,Thriller,War,,
336,Crime,Drama,Thriller,,,
337,Comedy,Drama,,,,
338,Animation,Adventure,Comedy,,,
339,Adventure,Comedy,Musical,,,
340,Crime,Mystery,Thriller,,,
341,Comedy,Drama,,,,
342,Drama,Horror,Thriller,,,
343,Action,Thriller,,,,
344,Action,Thriller,,,,
345,Comedy,Drama,,,,
346,Comedy,,,,,
347,Thriller,,,,,
348,Adventure,Drama,Western,,,
349,Comedy,Drama,,,,
350,Comedy,Drama,Thriller,,,
351,Comedy,Fantasy,Adventure,,,
352,Crime,Drama,Thriller,,,
353,Biography,Drama,Music,,,
354,Crime,Film-Noir,Drama,,,
355,Horror,Thriller,,,,
356,Action,Adventure,Fantasy,,,
357,Action,Crime,Drama,,,
358,Action,Crime,Fantasy,,,
359,Comedy,,,,,
360,Drama,Thriller,,,,
361,Comedy,Family,Musical,,,
362,Adventure,Comedy,,,,
363,Action,Adventure,Sci-Fi,Fantasy,,
364,Family,Sci-Fi,Adventure,Fantasy,,
365,Action,Mystery,Thriller,,,
366,Crime,Drama,Mystery,Thriller,,
367,Comedy,Romance,,,,
368,Comedy,,,,,
369,Comedy,Drama,,,,
370,Drama,Fantasy,Romance,,,
371,Action,Comedy,Horror,Sci-Fi,,
372,Action,Thriller,Crime,Western,,
373,Comedy,,,,,
374,Drama,,,,,
375,,,,,,
376,Drama,Action,Thriller,,,
377,Drama,Romance,,,,
378,Drama,Thriller,,,,
379,Action,Comedy,Crime,Thriller,,
380,Action,Sci-Fi,Thriller,,,
381,Fantasy,,,,,
382,Comedy,Drama,,,,
383,Action,Adventure,Sci-Fi,Thriller,,
384,Action,Adventure,Sci-Fi,Thriller,,
385,Drama,Romance,Sci-Fi,,,
386,Comedy,Romance,Drama,,,
387,Horror,Sci-Fi,Thriller,,,
388,Horror,Fantasy,Comedy,,,
389,,,,,,
390,Drama,Mystery,Sci-Fi,,,
391,Adventure,Drama,Fantasy,,,
392,Adventure,Sci-Fi,Thriller,,,
393,Comedy,Crime,Romance,,,
394,Drama,Romance,,,,
395,Action,Crime,Drama,Thriller,,
396,Action,Drama,Thriller,,,
397,Comedy,Romance,,,,
398,Action,Adventure,Fantasy,Sci-Fi,,
399,Animation,Adventure,Comedy,Family,,
400,Comedy,Crime,Thriller,,,
401,Comedy,Drama,,,,
402,Comedy,Crime,Thriller,,,
403,Drama,Romance,,,,
404,Comedy,Drama,,,,
405,Action,Comedy,Horror,Thriller,,
406,Comedy,,,,,
407,Drama,Family,Fantasy,,,
408,Action,Comedy,Drama,Fantasy,Romance,Sci-Fi
409,Action,Drama,Thriller,,,
410,Drama,,,,,
411,Horror,Thriller,,,,
412,Horror,Thriller,,,,
413,Adventure,Animation,Comedy,Family,,
414,Drama,,,,,
415,Action,Adventure,Fantasy,,,
416,Comedy,,,,,
417,Drama,,,,,
418,Comedy,Family,Fantasy,,,
419,Comedy,Drama,,,,
420,Adventure,Drama,War,,,
421,Comedy,Drama,,,,
422,Drama,,,,,
423,Crime,Drama,Thriller,,,
424,Drama,,,,,
425,Drama,Fantasy,Horror,Romance,Sci-Fi,
426,Animation,Comedy,Family,,,
427,Comedy,Sci-Fi,,,,
428,Action,Fantasy,Horror,Thriller,,
429,Action,Crime,Thriller,,,
430,Thriller,,,,,
431,Horror,Mystery,Thriller,,,
432,,,,,,
433,Comedy,Horror,,,,
434,Comedy,Horror,Thriller,,,
435,Action,Comedy,Horror,Thriller,,
436,Drama,Romance,War,,,
437,Drama,Thriller,,,,
438,Animation,Adventure,Comedy,,,
439,Crime,Drama,,,,
440,Drama,,,,,
441,Action,Adventure,Mystery,Thriller,,
442,Comedy,Drama,,,,
443,Action,Drama,,,,
444,,,,,,
445,Comedy,Drama,,,,
446,Mystery,Thriller,,,,
447,Action,Sci-Fi,Thriller,,,
448,Drama,,,,,
449,Crime,Drama,,,,
450,Crime,Drama,,,,
451,Comedy,Drama,Romance,,,
452,Drama,Sci-Fi,Thriller,,,
453,Thriller,Action,Crime,Drama,,
454,Drama,Mystery,,,,
455,Drama,,,,,
456,Horror,Mystery,Thriller,,,
457,Action,Comedy,Crime,Drama,,
458,Action,Crime,Drama,Thriller,,
459,Romance,Thriller,Drama,Fantasy,,
460,Action,Adventure,Drama,Thriller,,
461,Action,Fantasy,Thriller,,,
462,Action,Adventure,Horror,Thriller,Sci-Fi,
463,Comedy,Drama,,,,
464,Sci-Fi,Fantasy,Comedy,,,
465,Sci-Fi,Comedy,Action,Adventure,,
466,Crime,Drama,Mystery,,,
467,Drama,Action,,,,
468,Drama,,,,,
469,Comedy,Crime,,,,
470,Crime,Drama,,,,
471,Crime,Drama,,,,
472,Crime,Drama,Mystery,,,
473,Drama,,,,,
474,Sci-Fi,Action,Thriller,,,
475,Crime,Drama,Mystery,,,
476,Action,Crime,,,,
477,Drama,Comedy,,,,
478,Comedy,Drama,,,,
479,Horror,Thriller,Mystery,,,
480,Comedy,Horror,Sci-Fi,,,
481,Comedy,Drama,Romance,,,
482,Crime,Drama,,,,
483,Drama,Romance,,,,
484,Drama,Comedy,,,,
485,Drama,,,,,
486,Sci-Fi,Thriller,,,,
487,Drama,Romance,,,,
488,Drama,Fantasy,,,,
489,Comedy,Fantasy,Horror,,,
490,Comedy,Fantasy,Horror,Sci-Fi,,
491,Crime,Drama,,,,
492,Crime,Comedy,Romance,Thriller,,
493,Comedy,Fantasy,Romance,,,
494,Horror,Mystery,Thriller,,,
495,Action,Adventure,Comedy,,,
496,Action,Crime,Drama,Thriller,,
497,Comedy,Romance,,,,
498,Horror,Thriller,,,,
499,,,,,,
500,Action,Comedy,Crime,Drama,Fantasy,Thriller
501,Comedy,Crime,Mystery,Thriller,,
502,Action,Crime,Mystery,,,
503,Comedy,Drama,Romance,,,
504,Horror,Thriller,,,,
505,Comedy,,,,,
506,Animation,Comedy,Family,,,
507,Action,Crime,Thriller,Drama,,
508,Action,Romance,,,,
509,Adventure,Comedy,,,,
510,Horror,Mystery,Thriller,,,
511,Comedy,Drama,Romance,,,
512,Action,Crime,Drama,Thriller,,
513,Comedy,,,,,
514,Drama,Romance,Crime,Fantasy,Thriller,Horror
515,Action,Adventure,Animation,Fantasy,Horror,Sci-Fi
516,Comedy,,,,,
517,Crime,Drama,Thriller,,,
518,,,,,,
519,Adventure,Horror,Sci-Fi,Action,,
520,,,,,,
521,Horror,,,,,
522,,,,,,
523,,,,,,
524,,,,,,
525,Drama,,,,,
526,Comedy,Drama,,,,
527,Crime,Drama,,,,
528,Drama,Romance,Sci-Fi,,,
529,Drama,,,,,
530,Romance,Comedy,Drama,Music,,
531,Action,Fantasy,,,,
532,,,,,,
533,Horror,Thriller,,,,
534,Comedy,Romance,Drama,,,
535,Drama,,,,,
536,Adventure,Comedy,Sci-Fi,,,
537,Horror,Sci-Fi,Thriller,,,
538,Drama,Musical,,,,
539,Comedy,Crime,,,,
540,Drama,Romance,,,,
541,Comedy,Drama,,,,
542,Action,Crime,Drama,Thriller,,
543,Comedy,Sci-Fi,,,,
544,Drama,Thriller,War,,,
545,Horror,,,,,
546,,,,,,
547,Animation,Adventure,Comedy,,,
548,Animation,Action,Adventure,,,
549,Action,Adventure,Comedy,Crime,,
550,Comedy,Fantasy,Romance,,,
551,Comedy,,,,,
552,Action,Adventure,Thriller,,,
553,Drama,Thriller,,,,
554,Action,Sci-Fi,Thriller,,,
555,Drama,,,,,
556,Comedy,Drama,Romance,,,
557,Crime,Horror,Thriller,,,
558,Horror,Mystery,Thriller,,,
559,Comedy,Drama,,,,
560,Action,Sci-Fi,Thriller,,,
561,Drama,,,,,
562,Drama,,,,,
563,Adventure,Fantasy,Mystery,,,
564,Crime,Drama,,,,
565,Comedy,,,,,
566,Action,Adventure,Mystery,,,
567,Animation,Family,Adventure,Action,Comedy,Sci-Fi
568,Action,Sci-Fi,,,,
569,Action,Adventure,,,,
570,Action,Adventure,,,,
571,Action,Adventure,,,,
572,Action,Adventure,,,,
573,Comedy,Drama,Thriller,,,
574,Action,Adventure,War,,,
575,Drama,Thriller,,,,
576,Horror,Thriller,,,,
577,Crime,Drama,Thriller,,,
578,Adventure,Drama,Sci-Fi,,,
579,Drama,Horror,,,,
580,Adventure,Drama,,,,
581,Adventure,Comedy,Drama,,,
582,Comedy,Romance,Crime,,,
583,Drama,Romance,,,,
584,Comedy,,,,,
585,Drama,,,,,
586,Drama,,,,,
587,Action,Drama,Sci-Fi,Thriller,,
588,Drama,Horror,Thriller,,,
589,Romance,Comedy,,,,
590,Romance,Comedy,,,,
591,Drama,Family,Fantasy,Romance,,
592,Comedy,Romance,,,,
593,Adventure,Action,Crime,Thriller,,
594,Thriller,Drama,Fantasy,,,
595,Comedy,Crime,,,,
596,Drama,Thriller,,,,
597,Action,Crime,Drama,Thriller,,
598,Drama,Romance,,,,
599,Action,Horror,Sci-Fi,Thriller,,
600,Adventure,Horror,Thriller,,,
601,Horror,Thriller,Adventure,,,
602,Adventure,Comedy,,,,
603,Thriller,Mystery,,,,
604,Comedy,Horror,Thriller,,,
605,Comedy,Drama,Romance,,,
606,Drama,War,,,,
607,Crime,Drama,Mystery,Thriller,,
608,Action,,,,,
609,Crime,Drama,Thriller,,,
610,Action,Crime,Thriller,,,
611,Crime,Drama,Thriller,,,
612,Action,Crime,Sci-Fi,,,
613,Comedy,Drama,Romance,,,
614,Action,Adventure,Horror,Sci-Fi,Thriller,
615,Action,Adventure,Horror,Sci-Fi,Thriller,
616,,,,,,
617,Drama,,,,,
618,Crime,Thriller,,,,
619,,,,,,
620,Drama,,,,,
621,Comedy,Drama,,,,
622,,,,,,
623,Drama,Romance,,,,
624,Crime,Drama,Thriller,,,
625,Action,Adventure,Drama,Mystery,Thriller,
626,Comedy,Crime,Drama,,,
627,Drama,,,,,
628,Action,Drama,Thriller,,,
629,Drama,,,,,
630,Crime,Drama,Mystery,Thriller,,
631,Comedy,Drama,Romance,,,
632,Drama,,,,,
633,Drama,,,,,
634,Animation,Action,Comedy,Family,,
635,Crime,Drama,Mystery,Thriller,,
636,Comedy,Drama,Musical,,,
637,Drama,Romance,,,,
638,Family,Fantasy,Adventure,Musical,,
639,Comedy,Crime,,,,
640,Action,Comedy,Horror,Thriller,,
641,Action,Horror,Thriller,,,
642,Comedy,Drama,Romance,,,
643,Action,Thriller,,,,
644,Drama,Romance,,,,
645,Drama,,,,,
646,Adventure,Romance,War,,,
647,Action,Adventure,Drama,War,,
648,Drama,History,,,,
649,Drama,Romance,,,,
650,Crime,Drama,Thriller,,,
651,Comedy,,,,,
652,Drama,Romance,,,,
653,Comedy,,,,,
654,Fantasy,Adventure,Romance,,,
655,Action,Fantasy,Horror,Thriller,,
656,Animation,Action,Adventure,,,
657,Drama,Musical,Romance,,,
658,Action,Comedy,Crime,,,
659,Horror,Sci-Fi,Thriller,,,
660,Comedy,Fantasy,,,,
661,Comedy,Drama,,,,
662,Comedy,Drama,,,,
663,Drama,Crime,Thriller,,,
664,Adventure,Drama,,,,
665,Drama,,,,,
666,Crime,Drama,,,,
667,Mystery,Sci-Fi,Thriller,,,
668,Drama,History,,,,
669,Crime,Drama,Thriller,,,
670,Adventure,Animation,Family,Musical,,
671,Comedy,Drama,,,,
672,Drama,,,,,
673,Family,Animation,Comedy,Musical,Romance,Fantasy
674,Comedy,Fantasy,Horror,,,
675,Comedy,Drama,,,,
676,Crime,Thriller,Comedy,,,
677,Action,Drama,Sci-Fi,,,
678,Action,Adventure,Sci-Fi,,,
679,Crime,Drama,Mystery,,,
680,Action,Thriller,Drama,,,
681,Action,Crime,Sci-Fi,,,
682,Fantasy,Horror,Thriller,,,
683,,,,,,
684,,,,,,
685,,,,,,
686,Crime,Drama,Thriller,,,
687,Action,Adventure,Crime,Mystery,Thriller,
688,Drama,Mystery,Thriller,Horror,,
689,Adventure,Fantasy,Sci-Fi,Drama,Mystery,
690,Action,Adventure,Sci-Fi,,,
691,Comedy,Drama,Romance,,,
692,Drama,Romance,,,,
693,Action,Thriller,,,,
694,Action,Crime,,,,
695,,,,,,
696,Comedy,Crime,Drama,,,
697,Drama,,,,,
698,Drama,Romance,,,,
699,Comedy,,,,,
700,Drama,,,,,
701,Comedy,,,,,
702,Action,Adventure,Drama,,,
703,Action,Crime,Drama,Thriller,,
704,Comedy,Drama,,,,
705,Comedy,Romance,,,,
706,Adventure,Drama,Thriller,,,
707,Comedy,Drama,Crime,,,
708,Thriller,Mystery,Sci-Fi,,,
709,Comedy,Crime,Mystery,,,
710,Drama,Thriller,Horror,,,
711,Drama,,,,,
712,Drama,Thriller,,,,
713,Comedy,Drama,,,,
714,Action,Crime,Thriller,Western,,
715,,,,,,
716,Drama,Thriller,,,,
717,Adventure,Drama,Sci-Fi,,,
718,Drama,Romance,,,,
719,Family,Comedy,Musical,Fantasy,Drama,Animation
720,Action,Comedy,Crime,Drama,Fantasy,Romance
721,Action,Adventure,Drama,,,
722,Drama,,,,,
723,Sci-Fi,Action,Thriller,,,
724,Action,Sci-Fi,Thriller,,,
725,Action,Crime,Drama,Thriller,,
726,Crime,Drama,,,,
727,Action,Crime,Thriller,,,
728,Fantasy,Mystery,Romance,Drama,,
729,Comedy,Drama,,,,
730,Animation,Action,Comedy,Family,Sci-Fi,
731,Drama,Mystery,Thriller,,,
732,Action,Comedy,Sci-Fi,,,
733,Action,Comedy,Sci-Fi,,,
734,Comedy,War,,,,
735,Action,Thriller,Drama,,,
736,Action,Crime,Drama,Thriller,,
737,Drama,,,,,
738,Crime,Drama,Thriller,,,
739,Comedy,Fantasy,Romance,,,
740,Action,Adventure,Family,,,
741,,,,,,
742,Drama,,,,,
743,Crime,Drama,Thriller,,,
744,Horror,Sci-Fi,Thriller,,,
745,Comedy,Crime,Drama,,,
746,Action,Crime,Drama,Mystery,Sci-Fi,Thriller
747,Drama,,,,,
748,Horror,Mystery,Thriller,,,
749,Drama,Horror,Thriller,,,
750,Action,Adventure,Thriller,,,
751,Action,Adventure,Mystery,Thriller,,
752,Drama,Sci-Fi,Thriller,Adventure,,
753,Drama,,,,,
754,Animation,Fantasy,Comedy,,,
755,Drama,Romance,,,,
756,Adventure,Comedy,Romance,,,
757,Drama,Mystery,Sci-Fi,Thriller,,
758,Comedy,Drama,Romance,,,
759,Comedy,Romance,Drama,,,
760,Comedy,,,,,
761,Crime,Drama,Thriller,,,
762,Comedy,,,,,
763,Drama,,,,,
764,Drama,Romance,,,,
765,Drama,,,,,
766,Family,Animation,Comedy,Musical,Adventure,
767,Drama,Horror,Mystery,Romance,Thriller,
768,Comedy,Drama,,,,
769,Thriller,Adventure,Action,Fantasy,Horror,
770,Drama,,,,,
771,Horror,Thriller,,,,
772,Comedy,Romance,,,,
773,Comedy,Drama,Family,Romance,,
774,Short,,,,,
775,Drama,,,,,
776,Action,Comedy,Fantasy,,,
777,Comedy,,,,,
778,Drama,Musical,,,,
779,Action,Crime,Romance,Thriller,,
780,Comedy,Romance,,,,
781,Comedy,,,,,
782,Action,Adventure,Drama,,,
783,Action,Crime,Drama,Thriller,,
784,Comedy,Drama,,,,
785,Comedy,Romance,,,,
786,Adventure,Drama,Thriller,,,
787,Comedy,Drama,Crime,,,
788,Thriller,Mystery,Sci-Fi,,,
789,Comedy,Crime,Mystery,,,
790,Drama,Thriller,Horror,,,
791,Drama,,,,,
792,Drama,Thriller,,,,
793,Comedy,Drama,,,,
794,Action,Crime,Thriller,Western,,
795,,,,,,
796,Drama,Thriller,,,,
797,Adventure,Drama,Sci-Fi,,,
798,Drama,Romance,,,,
799,Family,Comedy,Musical,Fantasy,Drama,Animation
800,Action,Comedy,Crime,Drama,Fantasy,Romance
801,Action,Adventure,Drama,,,
802,Drama,,,,,
803,Sci-Fi,Action,Thriller,,,
804,Action,Sci-Fi,Thriller,,,
805,Action,Crime,Drama,Thriller,,
806,Crime,Drama,,,,
807,Action,Crime,Thriller,,,
808,Fantasy,Mystery,Romance,Drama,,
809,Comedy,Drama,,,,
810,Animation,Action,Comedy,Family,Sci-Fi,
811,Drama,Mystery,Thriller,,,
812,Action,Comedy,Sci-Fi,,,
813,Action,Comedy,Sci-Fi,,,
814,Comedy,War,,,,
815,Action,Thriller,Drama,,,
816,Action,Crime,Drama,Thriller,,
817,Drama,,,,,
818,Crime,Drama,Thriller,,,
819,Comedy,Fantasy,Romance,,,
820,Action,Adventure,Family,,,
821,,,,,,
822,Drama,,,,,
823,Crime,Drama,Thriller,,,
824,Horror,Sci-Fi,Thriller,,,
825,Comedy,Crime,Drama,,,
826,Action,Crime,Drama,Mystery,Sci-Fi,Thriller
827,Drama,,,,,
828,Horror,Mystery,Thriller,,,
829,Drama,Horror,Thriller,,,
830,Action,Adventure,Thriller,,,
831,Action,Adventure,Mystery,Thriller,,
832,Drama,Sci-Fi,Thriller,Adventure,,
833,Drama,,,,,
834,Animation,Fantasy,Comedy,,,
835,Drama,Romance,,,,
836,Adventure,Comedy,Romance,,,
837,Drama,Mystery,Sci-Fi,Thriller,,
838,Comedy,Drama,Romance,,,
839,Comedy,Romance,Drama,,,
840,Comedy,,,,,
841,Crime,Drama,Thriller,,,
842,Comedy,,,,,
843,Drama,,,,,
844,Drama,Romance,,,,
845,Drama,,,,,
846,Family,Animation,Comedy,Musical,Adventure,
847,Drama,Horror,Mystery,Romance,Thriller,
848,Comedy,Drama,,,,
849,Thriller,Adventure,Action,Fantasy,Horror,
850,Drama,,,,,
851,Horror,Thriller,,,,
852,Comedy,Romance,,,,
853,Comedy,Drama,Family,Romance,,
854,Short,,,,,
855,Drama,,,,,
856,Action,Comedy,Fantasy,,,
857,Comedy,,,,,
858,Drama,Musical,,,,
859,Action,Crime,Romance,Thriller,,
860,Comedy,Romance,,,,
861,Comedy,Romance,,,,
862,Action,Adventure,Comedy,Family,,
863,Family,Musical,,,,
864,Action,Sci-Fi,Thriller,,,
865,Comedy,,,,,
866,Crime,Drama,Romance,Thriller,,
867,Comedy,,,,,
868,Crime,Drama,Thriller,,,
869,Horror,,,,,
870,Action,Fantasy,Horror,,,
871,Animation,Comedy,Fantasy,Horror,Musical,
872,Animation,Comedy,Fantasy,Horror,Musical,
873,Comedy,Horror,Mystery,,,
874,,,,,,
875,Drama,Musical,Romance,,,
876,Drama,Horror,Mystery,Thriller,,
877,Action,Crime,Drama,Thriller,,
878,Comedy,Romance,,,,
879,Horror,Thriller,Mystery,,,
880,Crime,Drama,Thriller,,,
881,Comedy,Romance,,,,
882,Comedy,Romance,Drama,,,
883,Comedy,Thriller,,,,
884,Action,Adventure,Sci-Fi,,,
885,Comedy,Crime,Drama,,,
886,Drama,Thriller,,,,
887,Comedy,Thriller,Crime,,,
888,Comedy,Crime,Thriller,,,
889,Comedy,,,,,
890,Comedy,Drama,Romance,,,
891,Drama,Sci-Fi,Thriller,,,
892,Drama,,,,,
893,Crime,Drama,Thriller,,,
894,Drama,,,,,
895,Fantasy,Horror,,,,
896,Drama,Horror,Mystery,,,
897,Drama,History,Romance,,,
898,Comedy,Crime,Drama,Romance,Thriller,
899,Comedy,Action,Family,Thriller,,
900,Action,Horror,Sci-Fi,,,
901,Crime,Drama,Thriller,,,
902,,,,,,
903,Animation,Adventure,Comedy,,,
904,Drama,,,,,
905,Drama,Romance,Sci-Fi,,,
906,Drama,,,,,
907,Action,Drama,War,,,
908,Adventure,Comedy,Sci-Fi,,,
909,Action,Drama,Romance,War,,
910,Drama,Horror,Thriller,,,
911,Comedy,,,,,
912,Action,Drama,Fantasy,Horror,Sci-Fi,
913,Action,Crime,Drama,,,
914,Drama,Romance,,,,
915,Horror,,,,,
916,Horror,,,,,
917,Drama,,,,,
918,Drama,,,,,
919,Thriller,,,,,
920,Sci-Fi,Thriller,,,,
921,Biography,Drama,Music,War,,
922,Drama,Romance,,,,
923,Comedy,Crime,Thriller,,,
924,Action,Adventure,Comedy,,,
925,,,,,,
926,Horror,Sci-Fi,Thriller,,,
927,Action,Drama,Sci-Fi,,,
928,Comedy,Romance,,,,
929,Action,Drama,War,,,
930,Comedy,Drama,Fantasy,,,
931,Action,Crime,Adventure,Thriller,Drama,
932,,,,,,
933,Action,Adventure,Drama,Sci-Fi,,
934,Drama,,,,,
935,Drama,,,,,
936,Action,Horror,Sci-Fi,Thriller,,
937,Drama,Mystery,Sci-Fi,,,
938,Comedy,Romance,,,,
939,Comedy,Romance,,,,
940,Drama,Romance,,,,
941,Action,Horror,Sci-Fi,,,
942,Adventure,Comedy,Family,Fantasy,Romance,
943,Comedy,Drama,Mystery,,,
944,Comedy,Musical,,,,
945,Action,Drama,,,,
946,Horror,Mystery,Thriller,,,
947,Adventure,Mystery,Sci-Fi,,,
948,Horror,Thriller,Fantasy,Mystery,,
949,Comedy,Drama,Romance,,,
950,Horror,Thriller,,,,
951,Crime,Drama,Thriller,,,
952,Action,Crime,Drama,Thriller,,
953,Comedy,Drama,Romance,,,
954,Drama,Music,,,,
955,Drama,Short,,,,
956,Horror,,,,,
957,Drama,,,,,
958,Drama,Romance,,,,
959,Drama,,,,,
960,Comedy,,,,,
961,Drama,,,,,
962,,,,,,
963,Drama,Romance,,,,
964,Comedy,,,,,
965,Thriller,Mystery,,,,
966,Drama,,,,,
967,Action,Sci-Fi,Thriller,,,
968,Fantasy,Horror,Mystery,,,
969,Crime,Thriller,Action,Drama,,
970,Horror,Thriller,,,,
971,Drama,Romance,,,,
972,Comedy,,,,,
973,Comedy,Sci-Fi,,,,
974,Animation,Family,Adventure,,,
975,Action,Crime,Thriller,,,
976,Action,Horror,Sci-Fi,Thriller,,
977,Action,Drama,Sci-Fi,,,
978,Adventure,Drama,Thriller,,,
979,Drama,Romance,,,,
980,Horror,Mystery,Thriller,,,
981,Animation,Adventure,Family,,,
982,Action,Drama,Sci-Fi,,,
983,Drama,,,,,
984,Adventure,Drama,Thriller,,,
985,,,,,,
986,Sci-Fi,Action,Crime,,,
987,Action,,,,,
988,Action,Comedy,Crime,,,
989,Drama,Romance,,,,
990,Comedy,Horror,Musical,Sci-Fi,,
991,,,,,,
992,Action,Crime,Thriller,,,
993,Drama,,,,,
994,Drama,Horror,Thriller,,,
995,Western,,,,,
996,Horror,Thriller,,,,
997,Comedy,Romance,,,,
998,Action,Drama,,,,
999,Action,Comedy,Crime,,,
1000,Action,Comedy,Crime,,,
1001,Comedy,Romance,,,,
1002,Drama,Romance,,,,
1003,Crime,Mystery,Sci-Fi,Thriller,,
1004,Action,Romance,Thriller,,,
1005,Crime,Drama,Thriller,,,
1006,Comedy,Drama,Family,,,
1007,Drama,Romance,,,,
1008,Drama,,,,,
1009,Action,Drama,War,,,
1010,Crime,Horror,Mystery,Thriller,,
1011,Action,Crime,Drama,,,
1012,Comedy,Horror,Sci-Fi,,,
1013,Drama,War,,,,
1014,Action,Comedy,Fantasy,,,
1015,Horror,Mystery,Thriller,,,
1016,Horror,Mystery,Thriller,,,
1017,Horror,Mystery,Thriller,,,
1018,Drama,Mystery,Thriller,,,
1019,Drama,Western,,,,
1020,Adventure,Comedy,Drama,,,
1021,Comedy,,,,,
1022,Drama,Comedy,Romance,,,
1023,Action,Adventure,Sci-Fi,Thriller,,
1024,Comedy,Crime,Horror,,,
1025,Drama,Romance,,,,
1026,Drama,Fantasy,,,,
1027,Comedy,Drama,Romance,,,
1028,Drama,,,,,
1029,Comedy,Drama,,,,
1030,Drama,Horror,Comedy,,,
1031,Drama,Romance,Comedy,,,
1032,Comedy,Crime,Drama,Thriller,,
1033,Drama,,,,,
1034,Drama,,,,,
1035,Drama,,,,,
1036,Comedy,Romance,,,,
1037,Action,Adventure,Crime,Mystery,Thriller,
1038,Thriller,,,,,
1039,Horror,Thriller,,,,
1040,Drama,Romance,,,,
1041,Horror,Sci-Fi,,,,
1042,Animation,Adventure,Comedy,Family,Fantasy,Romance
1043,Animation,Adventure,Comedy,,,
1044,Action,Crime,Drama,,,
1045,Adventure,Comedy,Drama,,,
1046,Action,Thriller,Drama,,,
1047,Drama,Horror,Sci-Fi,Thriller,,
1048,Crime,Drama,Horror,Thriller,,
1049,Horror,,,,,
1050,Comedy,Drama,Romance,,,
1051,Comedy,Drama,Sci-Fi,,,
1052,Drama,Thriller,,,,
1053,Comedy,Crime,Musical,,,
1054,Comedy,Drama,Mystery,,,
1055,Drama,Horror,Mystery,Thriller,,
1056,Comedy,Romance,Drama,,,
1057,Horror,Mystery,,,,
1058,Drama,,,,,
1059,Comedy,Horror,Sci-Fi,,,
1060,Crime,Drama,Romance,,,
1061,Comedy,Drama,,,,
1062,Action,Comedy,Crime,Drama,,
1063,Comedy,Crime,,,,
1064,Action,Comedy,Crime,Mystery,Romance,Thriller
1065,Drama,,,,,
1066,Action,Adventure,Drama,,,
1067,Comedy,Romance,Thriller,,,
1068,Drama,,,,,
1069,Drama,Romance,Sci-Fi,,,
1070,Action,Drama,Sci-Fi,,,
1071,Action,Crime,Thriller,Drama,,
1072,Comedy,Romance,Drama,,,
1073,Mystery,Sci-Fi,Thriller,,,
1074,Animation,Comedy,Musical,,,
1075,Comedy,Sci-Fi,,,,
1076,Comedy,Romance,Drama,,,
1077,Thriller,,,,,
1078,Crime,Drama,Thriller,,,
1079,Action,Thriller,,,,
1080,Action,Family,Sport,,,
1081,Sci-Fi,Thriller,,,,
1082,Action,Adventure,Sci-Fi,,,
1083,Drama,Romance,,,,
1084,Action,Adventure,Sci-Fi,,,
1085,,,,,,
1086,,,,,,
1087,,,,,,
1088,,,,,,
1089,,,,,,
1090,,,,,,
1091,,,,,,
1092,,,,,,
1093,,,,,,
1094,,,,,,
1095,,,,,,
1096,,,,,,
1097,Adventure,Drama,Romance,Sci-Fi,,
1098,Sci-Fi,Action,,,,
1099,Comedy,,,,,
1100,Western,,,,,
1101,Comedy,Drama,,,,
1102,Comedy,Crime,Drama,,,
1103,Thriller,Horror,Mystery,,,
1104,Comedy,Drama,,,,
1105,Drama,,,,,
1106,Crime,Thriller,Sci-Fi,Mystery,Action,Drama
1107,Drama,Film-Noir,Thriller,,,
1108,Action,Adventure,Comedy,Drama,Romance,Thriller
1109,Drama,,,,,
1110,Comedy,,,,,
1111,Drama,Film-Noir,,,,
1112,Comedy,Drama,,,,
1113,Mystery,Sci-Fi,Thriller,,,
1114,Comedy,,,,,
1115,Action,Thriller,,,,
1116,Sci-Fi,Adventure,Fantasy,Action,,
1117,Comedy,,,,,
1118,Action,Sci-Fi,Thriller,,,
1119,Thriller,Crime,Horror,Drama,,
1120,,,,,,
1121,Drama,,,,,
1122,Drama,Film-Noir,,,,
1123,Comedy,Drama,,,,
1124,Action,Thriller,,,,
1125,Comedy,Drama,,,,
1126,Drama,Thriller,,,,
1127,Drama,Thriller,,,,
1128,Drama,Crime,Thriller,Horror,,
1129,Crime,Drama,Thriller,,,
1130,Drama,Music,,,,
1131,Crime,Drama,Horror,Mystery,Thriller,
1132,Mystery,Western,Romance,,,
1133,Comedy,Drama,Romance,,,
1134,Crime,Drama,Thriller,,,
1135,Comedy,Fantasy,,,,
1136,Sci-Fi,Thriller,Action,Drama,Romance,
1137,,,,,,
1138,Action,Adventure,Sci-Fi,Thriller,,
1139,,,,,,
1140,,,,,,
1141,Drama,Romance,,,,
1142,Comedy,Romance,,,,
1143,Horror,Thriller,,,,
1144,Action,Horror,Sci-Fi,Thriller,,
1145,Short,Comedy,Romance,,,
1146,Drama,,,,,
1147,Drama,,,,,
1148,Comedy,,,,,
1149,Action,Adventure,Fantasy,,,
1150,Action,Adventure,Comedy,,,
1151,Action,Adventure,War,,,
1152,Action,Adventure,War,,,
1153,Comedy,Family,,,,
1154,Action,Adventure,Comedy,Romance,,
1155,Action,Adventure,Comedy,,,
1156,Crime,Mystery,Thriller,,,
1157,Action,Thriller,Crime,,,,
1158,Horror,Thriller,,,,
1159,Action,Adventure,Sci-Fi,,,
1160,Comedy,Drama,Romance,,,
1161,Comedy,Drama,,,,
1162,Drama,Mystery,Thriller,,,
1163,Drama,Romance,,,,
1164,Animation,Action,Adventure,Comedy,Drama,Fantasy
1165,Drama,,,,,
1166,Action,Drama,Western,,,
1167,Action,Adventure,Thriller,,,
1168,Action,Drama,,,,
1169,Action,Adventure,Sci-Fi,Thriller,,
1170,Action,Drama,Thriller,,,
1171,Animation,Comedy,Family,Fantasy,,
1172,Crime,Drama,Thriller,,,
1173,Action,Drama,Thriller,,,
1174,Drama,,,,,
1175,,,,,,
1176,Comedy,Horror,Sci-Fi,,,
1177,Action,Adventure,Drama,Romance,,
1178,Action,Adventure,Fantasy,Sci-Fi,,
1179,,,,,,
1180,Action,Adventure,Comedy,War,,
1181,Adventure,Drama,Western,,,
1182,Action,Adventure,Comedy,Romance,Thriller,
1183,Action,Crime,Romance,Thriller,,
1184,Comedy,Drama,Fantasy,Sci-Fi,,
1185,Drama,Fantasy,Romance,Thriller,,
1186,,,,,,
1187,Drama,Horror,Thriller,Mystery,,
1188,Action,Comedy,Sci-Fi,,,
1189,Comedy,Drama,Sport,Thriller,,
1190,Drama,Thriller,,,,
1191,Drama,Comedy,Romance,,,
1192,Comedy,Drama,,,,
1193,Drama,Fantasy,Thriller,,,
1194,Drama,,,,,
1195,Drama,Mystery,Thriller,,,
1196,Animation,Adventure,Comedy,Drama,Family,
1197,Drama,Romance,,,,
1198,Crime,Mystery,Thriller,,,
1199,Action,Drama,Sci-Fi,Thriller,,
1200,Drama,Thriller,War,,,
1201,Mystery,Romance,Sci-Fi,Thriller,,
1202,Drama,,,,,
1203,Drama,Mystery,Thriller,,,
1204,Comedy,Thriller,,,,
1205,Drama,Mystery,Thriller,,,
1206,Action,Sci-Fi,Thriller,,,
1207,Crime,Drama,Romance,,,
1208,Comedy,,,,,
1209,Drama,Romance,,,,
1210,Action,Drama,Thriller,,,
1211,Crime,Drama,,,,
1212,,,,,,
1213,Animation,Adventure,Comedy,Drama,Family,Romance
1214,Action,Crime,Thriller,,,
1215,Action,Adventure,Drama,,,
1216,Drama,War,,,,
1217,Action,Adventure,Sci-Fi,Thriller,,
1218,Biography,Drama,,,,
1219,Drama,,,,,
1220,Action,Fantasy,Sci-Fi,Thriller,,
1221,Drama,Romance,,,,
1222,Adventure,Drama,,,,
1223,Crime,Drama,Thriller,,,
1224,Horror,Mystery,Thriller,Drama,,,
1225,Horror,Thriller,,,,
1226,Comedy,Romance,,,,
1227,Crime,Drama,Thriller,,,
1228,Drama,Thriller,,,,
1229,Comedy,Musical,Romance,,,
1230,Crime,Drama,Mystery,Thriller,,
1231,Crime,Drama,Mystery,,,
1232,Adventure,Drama,,,,
1233,Action,Crime,Drama,Mystery,Thriller,
1234,Comedy,,,,,
1235,Crime,Drama,Romance,Thriller,,
1236,Action,Western,,,,
1237,Action,Adventure,Comedy,,,
1238,Crime,Drama,,,,
1239,,,,,,
1240,Thriller,Action,Comedy,Sci-Fi,Western,
1241,Action,Adventure,Comedy,Fantasy,,
1242,Comedy,Drama,,,,
1243,Horror,Thriller,,,,
1244,Comedy,,,,,
1245,Crime,Drama,Romance,Thriller,,
1246,Adventure,Family,Fantasy,Musical,,
1247,Comedy,Crime,,,,
1248,Comedy,Drama,,,,
1249,Action,Adventure,Fantasy,,,
1250,Drama,,,,,
1251,Action,Thriller,Adventure,,,
1252,Drama,,,,,
1253,,,,,,
1254,Action,Sci-Fi,,,,
1255,,,,,,
1256,Action,Adventure,Thriller,,,
1257,Adventure,Comedy,,,,
1258,Comedy,Romance,,,,
1259,Drama,,,,,
1260,Comedy,Romance,,,,
1261,Comedy,Drama,Romance,,,
1262,Drama,Thriller,,,,
1263,Comedy,Romance,,,,
1264,Animation,Adventure,Comedy,,,